brand,model,category,condition,cost_price_minor,markup_percent,quantity,imei,low_stock_threshold
Apple,iPhone 15 Pro,Phones,new,650000,20,,356938035601001,
Apple,iPhone 14,Phones,used_grade_a,450000,18,,356938035601002,
Apple,iPhone 13,Phones,refurbished,350000,15,,356938035601003,
Samsung,Galaxy S23 Ultra,Phones,new,600000,20,,356938035601004,
Samsung,Galaxy S22,Phones,used_grade_a,380000,18,,356938035601005,
Samsung,Galaxy A54,Phones,new,220000,22,,356938035601006,
Tecno,Camon 20,Phones,new,120000,25,,356938035601007,
Infinix,Note 30,Phones,new,95000,25,,356938035601008,
Xiaomi,Redmi Note 12,Phones,new,110000,22,,356938035601009,
Google,Pixel 7,Phones,used_grade_b,280000,15,,356938035601010,
Apple,MacBook Air M2,Laptops,new,850000,15,,356938035602001,
Apple,MacBook Pro 14 M3,Laptops,new,1400000,15,,356938035602002,
Dell,XPS 13,Laptops,new,650000,18,,356938035602003,
HP,Pavilion 15,Laptops,new,320000,20,,356938035602004,
Lenovo,ThinkPad X1 Carbon,Laptops,used_grade_a,550000,18,,356938035602005,
Asus,ZenBook 14,Laptops,new,480000,20,,356938035602006,
Canon,EOS R50,Cameras,new,550000,18,,356938035603001,
Nikon,Z50,Cameras,new,480000,18,,356938035603002,
Sony,Alpha A6400,Cameras,used_grade_a,420000,16,,356938035603003,
Fujifilm,X-T30 II,Cameras,new,500000,18,,356938035603004,
GoPro,HERO12 Black,Cameras,new,280000,20,,356938035603005,
Sony,PlayStation 5,Consoles,new,480000,15,,356938035604001,
Microsoft,Xbox Series X,Consoles,new,460000,15,,356938035604002,
Nintendo,Switch OLED,Consoles,new,280000,18,,356938035604003,
Sony,PlayStation 4 Pro,Consoles,used_grade_b,220000,15,,356938035604004,
Apple,iPad 10th Gen,Tablets,new,350000,18,,356938035605001,
Apple,iPad Pro 11,Tablets,new,650000,16,,356938035605002,
Samsung,Galaxy Tab S9,Tablets,new,480000,18,,356938035605003,
Samsung,Galaxy Tab A9,Tablets,new,150000,22,,356938035605004,
Apple,Watch Series 9,Watches,new,380000,18,,356938035606001,
Apple,Watch SE,Watches,new,250000,20,,356938035606002,
Samsung,Galaxy Watch 6,Watches,new,220000,20,,356938035606003,
Garmin,Forerunner 55,Watches,new,180000,20,,356938035606004,
Anker,PowerCore 10000,Accessories,new,15000,30,40,,8
Apple,MagSafe Charger,Accessories,new,12000,35,25,,5
Samsung,25W Fast Charger,Accessories,new,8000,35,60,,10
Baseus,USB-C Cable 2m,Accessories,new,2500,40,100,,20
JBL,Tune 510BT Headphones,Accessories,new,18000,30,30,,6
Apple,AirPods Pro 2,Accessories,new,150000,18,2,,5
Spigen,iPhone 15 Case,Accessories,new,4000,45,80,,15
Otterbox,Defender Case,Accessories,new,9000,40,35,,8
Belkin,Wireless Charging Pad,Accessories,new,10000,35,40,,8
Logitech,MX Master 3S Mouse,Accessories,new,55000,25,3,,4
Anker,65W GaN Charger,Accessories,new,22000,30,25,,5
SanDisk,128GB microSD Card,Accessories,new,9000,35,50,,10
Samsung,1TB Portable SSD,Accessories,new,65000,25,1,,3
HyperX,Cloud Stinger Headset,Accessories,new,25000,28,20,,4
Xiaomi,Mi Power Bank 3,Accessories,new,13000,32,30,,6
